Workbook

Sheet Model Comparison
A1: subset | B1: model | C1: n | D1: mse | E1: mse_gain_vs_har_pct | F1: mse_nw_t | G1: mse_p_two_sided | H1: qlike | I1: qlike_gain_vs_har_pct | J1: qlike_nw_t | K1: qlike_p_two_sided
A2: 15_assets_without_listed_options | B2: HPTS_Final | C2: 13007 | D2: 0.5343265461741913 | E2: 6.686045440475297 | F2: 4.761601655042625 | G2: 1.9206250942868266e-06 | H2: 0.3866440430426929 | I2: 0.447329128109597 | J2: 0.25224596262896964 | K2: 0.8008509533443674
A3: 15_assets_without_listed_options | B3: HPTS_CommonIV | C3: 13007 | D3: 0.5348838915754939 | E3: 6.588711508961886 | F3: 4.651850760007298 | G3: 3.2896913049539186e-06 | H3: 0.38829868865860306 | I3: 0.02129284648472174 | J3: 0.028088084597807098 | K3: 0.9775918974388793
A4: 15_assets_without_listed_options | B4: HPTS_IVSpecific | C4: 13007 | D4: 0.5359266476583111 | E4: 6.406606213192156 | F4: 4.620155016072673 | G4: 3.834534390263891e-06 | H4: 0.38595837401642696 | I4: 0.6238744134364649 | J4: 0.35173077191653057 | K4: 0.7250401807294904
A5: 15_assets_without_listed_options | B5: Full_PerAsset | C5: 13007 | D5: 0.5359652764918591 | E5: 6.39986013395617 | F5: 4.683446570005414 | G5: 2.82091010047614e-06 | H5: 0.3830193433410852 | I5: 1.3806127074036056 | J5: 0.7556546320285288 | K5: 0.4498562915305776
A6: 15_assets_without_listed_options | B6: ElasticNet | C6: 13007 | D6: 0.5383321060818917 | E6: 5.986520706230181 | F6: 4.730421630687266 | G6: 2.240540088977412e-06 | H6: 0.3830084811537238 | I6: 1.3834094911192585 | J6: 0.8214641571330729 | K6: 0.4113819322938991
A7: 15_assets_without_listed_options | B7: Full_FixedEffects | C7: 13007 | D7: 0.5386502636906086 | E7: 5.930958157719068 | F7: 4.272469710235733 | G7: 1.9331982014553637e-05 | H7: 0.3879376663296192 | I7: 0.11424846740131223 | J7: 0.07856381056690497 | K7: 0.9373795735145347
A8: 15_assets_without_listed_options | B8: HistGradientBoosting | C8: 13007 | D8: 0.5428218836133532 | E8: 5.202432961473846 | F8: 3.248140008467603 | G8: 0.0011616209646594892 | H8: 0.3835458928294847 | I8: 1.2450373407074555 | J8: 0.526628377974866 | K8: 0.5984516813053635
A9: 15_assets_without_listed_options | B9: HPTS_NoIV | C9: 13007 | D9: 0.5449574239230515 | E9: 4.8294855328909865 | F9: 3.985182040737156 | G9: 6.742841214632491e-05 | H9: 0.3846612186164681 | I9: 0.9578645186132273 | J9: 0.4634817840435744 | K9: 0.6430190688493509
A10: 15_assets_without_listed_options | B10: HAR_IV_PerAsset | C10: 13007 | D10: 0.5619908940766609 | E10: 1.8547868747659901 | F10: 2.1636697103268836 | G10: 0.030489707247241222 | H10: 0.3950113636463014 | I10: -1.707079116681709 | J10: -1.3813047165136434 | K10: 0.16718528863108684
A11: 15_assets_without_listed_options | B11: HAR | C11: 13007 | D11: 0.5726116192335905 | E11: 0.0 | F11: 0.0 | G11: 1.0 | H11: 0.3883813861109229 | I11: 0.0 | J11: 0.0 | K11: 1.0
A12: 15_assets_without_listed_options | B12: HAR_J | C12: 13007 | D12: 0.5744953425826073 | E12: -0.3289705073637794 | F12: -0.9782390202340249 | G12: 0.32795612173621214 | H12: 0.389339763519878 | I12: -0.24676193124286705 | J12: -0.4638654719852598 | K12: 0.6427441319550049
... A25: all_17_assets | B25: RandomWalk | C25: 14829 | D25: 0.8569976362131511 | E25: -44.933901093737894 | F25: -14.682279757746409 | G25: 8.372739920892699e-49 | H25: 0.5630307426184267 | I25: -43.554442767369686 | J25: -8.15042939854042 | K25: 3.626343066166886e-16

Sheet Direct Tests
A1: subset | B1: model | C1: comparator | D1: n | E1: gain_pct | F1: nw_t | G1: p_two_sided | H1: bootstrap_95_low | I1: bootstrap_95_high | J1: p_holm
A2: all_17_assets | B2: HPTS_Final | C2: HAR | D2: 14829 | E2: 6.9924569170330635 | F2: 5.160533007585343 | G2: 2.462477395768189e-07 | H2: 5.0562937045864516 | I2: 9.309416401104892 | J2: 2.21622965619137e-06
A3: all_17_assets | B3: HPTS_Final | C3: RandomWalk | D3: 14829 | E3: 35.82761356653673 | F3: 14.315873482983028 | G3: 1.7416203909872525e-46 | H3: 32.73648307158368 | I3: 39.426655455090824 | J3: 1.9157824300859778e-45
A4: all_17_assets | B4: HPTS_Final | C4: HAR_J | D4: 14829 | E4: 7.179467337941137 | F4: 5.458120143223832 | G4: 4.812020229415498e-08 | H4: 5.521189892198429 | I4: 9.310494426512669 | J4: 4.812020229415498e-07
A5: all_17_assets | B5: HPTS_Final | C5: HAR_IV_PerAsset | D5: 14829 | E5: 4.773757803995204 | F5: 4.562654509872604 | G5: 5.051089576834866e-06 | H5: 2.93297380375581 | I5: 7.007113855037801 | J5: 3.5357627037844066e-05
A6: all_17_assets | B6: HPTS_Final | C6: HPTS_NoIV | D6: 14829 | E6: 2.1025928239339353 | F6: 2.4361075093934934 | G6: 0.014846271292209393 | H6: 0.5549596733071077 | I6: 3.8547586054970036 | J6: 0.07423135646104696
A7: all_17_assets | B7: HPTS_Final | C7: Full_FixedEffects | D7: 14829 | E7: 0.9750226499838477 | F7: 4.692525173162034 | G7: 2.6985331766537575e-06 | H7: 0.5472337384053447 | I7: 1.4802210013954016 | J7: 2.158826541323006e-05
A8: all_17_assets | B8: HPTS_Final | C8: Full_PerAsset | D8: 14829 | E8: 0.2974981634204177 | F8: 1.1454308665501323 | G8: 0.2520307181860819 | H8: -0.2712826702339538 | I8: 0.7688849275686119 | J8: 0.5040614363721638
A9: all_17_assets | B9: HPTS_Final | C9: HPTS_CommonIV | D9: 14829 | E9: 0.10186959310430899 | F9: 2.4186387398936073 | G9: 0.015578703414777304 | H9: 0.026957021115654456 | I9: 0.19356530769241792 | J9: 0.07423135646104696
A10: all_17_assets | B10: HPTS_Final | C10: HPTS_IVSpecific | D10: 14829 | E10: 0.49133699753861615 | F10: 4.072964994309876 | G10: 4.641840319276059e-05 | H10: 0.22245169336408355 | I10: 0.8053485120675655 | J10: 0.00027851041915656356
A11: all_17_assets | B11: HPTS_Final | C11: ElasticNet | D11: 14829 | E11: 0.7875014914776157 | F11: 2.327598683835528 | G11: 0.01993342340622239 | H11: 0.14754281841429684 | I11: 1.4423354607718373 | J11: 0.07423135646104696
A12: all_17_assets | B12: HPTS_Final | C12: HistGradientBoosting | D12: 14829 | E12: 0.9687311236488472 | F12: 1.024474457793623 | G12: 0.3056112291380958 | H12: -1.2871013165080796 | I12: 2.723529855170731 | J12: 0.5040614363721638

Sheet No Options
A1: subset | B1: model | C1: comparator | D1: n | E1: gain_pct | F1: nw_t | G1: p_two_sided | H1: bootstrap_95_low | I1: bootstrap_95_high | J1: p_holm
A2: 15_assets_without_listed_options | B2: HPTS_Final | C2: HAR | D2: 13007 | E2: 6.686045440475297 | F2: 4.761601655042625 | G2: 1.9206250942868266e-06 | H2: 4.6493738822126875 | I2: 9.104084318376636 | J2: 1.1523750565720959e-05
A3: 15_assets_without_listed_options | B3: HPTS_Final | C3: HPTS_NoIV | D3: 13007 | E3: 1.9507721671778278 | F3: 2.222265724336796 | G3: 0.026265353073596773 | H3: 0.3056213833311339 | I3: 3.773862309097077 | J3: 0.10506141229438709
A4: 15_assets_without_listed_options | B4: HPTS_Final | C4: Full_FixedEffects | D4: 13007 | E4: 0.8026947739323553 | F4: 3.502687276000015 | G4: 0.0004605898732897964 | H4: 0.29555579711720487 | I4: 1.308641128192106 | J4: 0.002302949366448982
A5: 15_assets_without_listed_options | B5: HPTS_Final | C5: Full_PerAsset | D5: 13007 | E5: 0.30575307572049404 | F5: 1.0401772569457168 | G5: 0.2982575557375363 | H5: -0.2998408189828117 | I5: 0.8770695048582229 | J5: 0.2982575557375363
A6: 15_assets_without_listed_options | B6: HPTS_Final | C6: HPTS_CommonIV | D6: 13007 | E6: 0.10419932439187374 | F6: 1.9960834842431743 | G6: 0.04592483642937451 | H6: 0.004257345745591061 | I6: 0.1956256466986159 | J6: 0.10998452903497852
A7: 15_assets_without_listed_options | B7: HPTS_Final | C7: HPTS_IVSpecific | D7: 13007 | E7: 0.2985672556330754 | F7: 2.0895136592742336 | G7: 0.036661509678326175 | H7: -0.030972399524809013 | I7: 0.6575996046832525 | J7: 0.10998452903497852

Sheet Per Asset
A1: symbol | B1: n | C1: gain_pct | D1: nw_t | E1: p_two_sided | F1: p_bh
A2: AVAXUSDT | B2: 911 | C2: 11.650679323750978 | D2: 6.811653311616578 | E2: 9.648339903778012e-12 | F2: 1.640217783642262e-10
A3: SOLUSDT | B3: 911 | C3: 10.657122054314193 | D3: 6.331969212735714 | E3: 2.4205179342727927e-10 | F3: 2.0574402441318736e-09
A4: ETHUSDT | B4: 911 | C4: 9.894498004548835 | D4: 6.166008296173151 | E4: 7.003541165513459e-10 | F4: 3.968673327124294e-09
A5: NEARUSDT | B5: 911 | C5: 9.246553593412898 | D5: 4.590239039650111 | E5: 4.4273867794132155e-06 | F5: 1.075222503571781e-05
A6: LINKUSDT | B6: 911 | C6: 8.8458126636764 | D6: 4.797255638288006 | E6: 1.608542588508449e-06 | F6: 6.086654849010176e-06
A7: XRPUSDT | B7: 911 | C7: 7.894201079950003 | D7: 4.77577185822399 | E7: 1.7901926026500517e-06 | F7: 6.086654849010176e-06
A8: BTCUSDT | B8: 911 | C8: 7.6308134079849825 | D8: 4.7232259093899 | E8: 2.321327436177241e-06 | F8: 6.577094402502182e-06
A9: BNBUSDT | B9: 911 | C9: 7.375886329495995 | D9: 3.842840716700868 | E9: 0.0001216184041712511 | F9: 0.0002374787243911713
A10: DOGEUSDT | B10: 911 | C10: 6.989364165354228 | D10: 3.8346875100011975 | E10: 0.00012572403056003187 | F10: 0.0002374787243911713
A11: ADAUSDT | B11: 911 | C11: 6.759106491235089 | D11: 3.398081022250601 | E11: 0.0006786031922762787 | F11: 0.0011536254268696739
A12: MATICUSDT | B12: 253 | C12: 6.379092312990298 | D12: 1.9913114193113326 | E12: 0.04644666080984553 | F12: 0.052639548917824935
... A18: TRXUSDT | B18: 911 | C18: -0.15614245293325002 | D18: -0.07353145321318903 | E18: 0.9413832157681945 | F18: 0.9413832157681945

Sheet Robustness
A1: variant | B1: n | C1: alpha | D1: pool | E1: gain_vs_har_pct | F1: nw_t | G1: p_two_sided
A2: final_no_spread | B2: 14829 | C2: 100.0 | D2: 10.0 | E2: 6.9924569170330635 | F2: 5.160533007585343 | G2: 2.462477395768189e-07
A3: with_iv_spread | B3: 14829 | C3: 100.0 | D3: 10.0 | E3: 6.952460215662038 | F3: 5.080991833475545 | G3: 3.754692619339821e-07
A4: rolling_1095_days | B4: 14829 | C4: 100.0 | D4: 10.0 | E4: 6.839456995207904 | F4: 4.3476990699977165 | G4: 1.37573185595051e-05
A5: rolling_730_days | B5: 14829 | C5: 100.0 | D5: 10.0 | E5: 6.498198460139815 | F5: 3.5271543156628002 | G5: 0.00042005186889336585
A6: eth_iv_only | B6: 14829 | C6: 100.0 | D6: 10.0 | E6: 6.320935276511507 | F6: 5.364419053228284 | G6: 8.121016817265198e-08
A7: btc_iv_only | B7: 14829 | C7: 30.0 | D7: 30.0 | E7: 6.086360329897289 | F7: 4.1640082292981795 | G7: 3.127088358010144e-05
A8: iv_delayed_one_day | B8: 14829 | C8: 100.0 | D8: 30.0 | E8: 5.88388440842651 | F8: 4.752059888408721 | G8: 2.013547091643093e-06

Sheet Scale Diagnostic
A1: scale | B1: n | C1: gain_vs_har_pct | D1: nw_t | E1: p_two_sided
A2: log_realised_variance | B2: 14829 | C2: 6.9924569170330635 | D2: 5.160533007585343 | E2: 2.462477395768189e-07
A3: log_realised_volatility | B3: 14829 | C3: 6.9924569170330635 | D3: 5.160533007585343 | E3: 2.462477395768189e-07
A4: raw_realised_volatility | B4: 14829 | C4: 2.824683965359376 | D4: 1.2058080009413403 | E4: 0.22789152979349547

Sheet Data Audit
A1: check | B1: value | C1: status
A2: target_definition | B2: log(sum of squared hourly log returns over next exact 24h) | C2: pass
A3: row_count | B3: 31965 | C3: pass
A4: asset_count | B4: 17 | C4: pass
A5: date_min | B5: 2021-03-29 | C5: pass
A6: date_max | B6: 2026-06-29 | C6: pass
A7: missing_model_values | B7: 0 | C7: pass
A8: duplicate_asset_dates | B8: 0 | C8: pass
A9: forbidden_same_day_dvol_close_high_low | B9: 0 | C9: pass
A10: model_data_sha256 | B10: e801ea0df38a6e2784fc58677c098f89a44f734f305a451500d3ff1ccde6ccee | C10: pass

Sheet Summary
A1: Final leakage-safe HPTS results
A3: Holdout observations | B3: ='Model Comparison'!C14 | D3: Model | E3: MSE gain vs HAR (%)
A4: MSE gain vs HAR | B4: ='Model Comparison'!E14/100 | D4: ='Model Comparison'!B14 | E4: ='Model Comparison'!E14
A5: Newey-West t | B5: ='Model Comparison'!F14 | D5: ='Model Comparison'!B15 | E5: ='Model Comparison'!E15
A6: Two-sided p | B6: ='Model Comparison'!G14 | D6: ='Model Comparison'!B16 | E6: ='Model Comparison'!E16
A7: Bootstrap 95% interval | B7: =TEXT('Direct Tests'!H2/100,"0.00%")&" to "&TEXT('Direct Tests'!I2/100,"0.00%") | D7: ='Model Comparison'!B17 | E7: ='Model Comparison'!E17
A8: Gain: 15 no-options assets | B8: ='No Options'!E2/100 | D8: ='Model Comparison'!B18 | E8: ='Model Comparison'!E18
A9: Assets with positive gain | B9: =COUNTIF('Per Asset'!C2:C18,">0") | D9: ='Model Comparison'!B19 | E9: ='Model Comparison'!E19
A10: BH-significant assets | B10: =COUNTIF('Per Asset'!F2:F18,"<0.05") | D10: ='Model Comparison'!B20 | E10: ='Model Comparison'!E20
D11: ='Model Comparison'!B21 | E11: ='Model Comparison'!E21
A12: Interpretation
A13: Primary target: log realised variance over the exact next 24 hours. HPTS-Final is one hierarchical ridge model, not an ensemble. Risk-management and raw-volatility superiority are not headline claims.
